,Index No.,Mech,CS,Fluid,Maths,Material,Electric,SGPA,Rank
562,210624E,A+,A+,A+,A+,A+,A+,4.0,1.0
110,210129P,A+,A,A+,A+,A+,A+,4.0,1.0
210,210236P,A+,A+,A+,A,A+,A+,4.0,1.0
215,210242F,A,A,A,A,A,A+,4.0,1.0
375,210418C,A,A,A,A+,A+,A,4.0,1.0
644,210720U,A+,A+,A+,A+,A+,A+,4.0,1.0
243,210273B,A+,A+,A+,A+,A,A+,4.0,1.0
474,210523T,A+,A,A,A+,A,A,4.0,1.0
66,210077D,A+,A+,A+,A,A,A,4.0,1.0
615,210685N,A+,A+,A+,A,A+,A,4.0,1.0
613,210682D,A+,A,A+,A,A+,A+,4.0,1.0
444,210491P,A+,A,A+,A,A+,A+,4.0,1.0
87,210100U,A+,A,A,A,A,A,4.0,1.0
461,210508D,A+,A+,A+,A+,A,A,4.0,1.0
457,210504L,A+,A,A+,A,A+,A+,4.0,1.0
305,210343P,A+,A+,A+,A,A+,A+,4.0,1.0
603,210668P,A+,A,A,A,A,A,4.0,1.0
259,210292G,A+,A,A+,A+,A,A+,4.0,1.0
313,210351M,A,A,A,A,A,A,4.0,1.0
193,210218M,A,A+,A+,A,A+,A,4.0,1.0
501,210553J,A,A,A+,A+,A+,A,4.0,1.0
372,210415N,A+,A,A+,A,A,A,4.0,1.0
566,210629A,A+,A,A+,A+,A+,A,4.0,1.0
361,210404F,A+,A+,A+,A+,A+,A,4.0,1.0
172,210198A,A+,A,A,A,A+,A+,4.0,1.0
136,210157A,A+,A+,A+,A+,A+,A+,4.0,1.0
420,210465P,A,A+,A+,A,A+,A+,4.0,1.0
522,210579T,A+,A,A+,A,A,A+,4.0,1.0
192,210218M,A,A+,A+,A,A+,A,4.0,1.0
519,210574A,A+,A,A+,A,A+,A,4.0,1.0
133,210153H,A+,A,A+,A,A+,A,4.0,1.0
176,210202J,A+,A,A+,A,A,A+,4.0,1.0
592,210655A,A,A,A+,A,A,A,4.0,1.0
181,210207E,A,A,A+,A,A+,A,4.0,1.0
190,210216F,A,A,A+,A,A+,A,4.0,1.0
502,210554M,A+,A,A+,A,A+,A+,4.0,1.0
617,210687X,A+,A,A+,A,A+,A+,4.0,1.0
191,210217J,A,A,A+,A,A+,A+,4.0,1.0
518,210572P,A+,A,A+,A,A,A+,4.0,1.0
333,210372D,A+,A,A,A,A,A,4.0,1.0
605,210670N,A,A+,A,A,A,A-,3.957142857142857,2.0
606,210670N,A,A+,A,A,A,A-,3.957142857142857,2.0
229,210258J,A-,A,A,A,A,A,3.957142857142857,2.0
21,210022G,A+,A,A+,A+,A+,A-,3.957142857142857,2.0
135,210156U,A-,A,A+,A,A+,A+,3.957142857142857,2.0
153,210178M,A+,A,A+,A,A+,A-,3.957142857142857,2.0
619,210690B,A+,A,A,A,A,A-,3.957142857142857,2.0
267,210302P,A+,A,A+,A-,A+,A+,3.935714285714286,3.0
167,210192B,A+,A,A,A-,A,A+,3.935714285714286,3.0
374,210417X,A+,A,A+,A-,A,A+,3.935714285714286,3.0
287,210325M,A+,A,A,A-,A+,A,3.935714285714286,3.0
223,210250D,A+,A,A+,A-,A+,A,3.935714285714286,3.0
543,210599E,A,A,A+,A-,A,A,3.935714285714286,3.0
30,210031H,A,A,A,A-,A,A+,3.935714285714286,3.0
612,210679B,A+,A,A,A-,A,A+,3.935714285714286,3.0
5,210005H,A,A-,A+,A,A+,A+,3.935714285714286,3.0
558,210620M,A+,A,A+,A-,A,A,3.935714285714286,3.0
403,210446J,A+,A+,A,A-,A,A+,3.935714285714286,3.0
23,210024N,A+,A,A+,A-,A+,A,3.935714285714286,3.0
549,210608J,A,A,A+,A-,A+,A,3.935714285714286,3.0
551,210610H,A+,A,A,A-,A+,A+,3.935714285714286,3.0
431,210479L,A,A+,A+,A-,A+,A,3.935714285714286,3.0
165,210190R,A,A,A,A,A,B+,3.9,4.0
330,210368V,A+,A-,A+,A,A-,A,3.892857142857143,5.0
216,210243J,A,A-,A+,A,A-,A,3.892857142857143,5.0
653,210732H,A+,A-,A+,A,A,A-,3.892857142857143,5.0
649,210728C,A,A,A+,A-,A,A-,3.892857142857143,5.0
550,210609M,A,A,A,A-,A,A-,3.892857142857143,5.0
326,210364F,A+,A-,A+,A,A-,A,3.892857142857143,5.0
491,210542B,A-,A+,A+,A-,A+,A,3.892857142857143,5.0
507,210560D,A-,A-,A,A+,A,A,3.892857142857143,5.0
151,210175C,A+,A-,A,A-,A+,A,3.8714285714285714,6.0
407,210450P,A,A-,A+,A-,A,A+,3.8714285714285714,6.0
408,210451U,A+,A-,A,A-,A,A,3.8714285714285714,6.0
179,210205V,A,A-,A+,A-,A,A,3.8714285714285714,6.0
588,210651H,A+,A-,A+,A-,A,A,3.8714285714285714,6.0
552,210612P,A,A-,A,A-,A,A,3.8714285714285714,6.0
589,210651H,A+,A-,A+,A-,A,A,3.8714285714285714,6.0
2,210001R,A,A-,A+,A-,A+,A,3.8714285714285714,6.0
563,210625H,A+,A-,A,A-,A+,A,3.8714285714285714,6.0
332,210371A,A+,A-,A+,A-,A,A,3.8714285714285714,6.0
225,210254T,A-,A,A,A,A+,B+,3.857142857142857,7.0
26,210027C,A+,A,A+,B+,A,A,3.85,8.0
631,210703V,A+,A,A,B+,A,A,3.85,8.0
484,210536K,A+,A+,A+,B+,A+,A+,3.85,8.0
392,210434V,A+,A,A,B+,A,A+,3.85,8.0
197,210224D,A+,A,A+,B+,A+,A,3.85,8.0
604,210669U,A,A,A+,B+,A,A,3.85,8.0
94,210108C,A,A,A,B+,A,A+,3.85,8.0
425,210471F,A+,A,A+,B+,A,A+,3.85,8.0
112,210131N,A+,A,A+,B+,A+,A,3.85,8.0
423,210469G,A+,B+,A+,A,A,A+,3.85,8.0
63,210071E,A,A,A+,B+,A+,A+,3.85,8.0
359,210400N,A,A-,A,A,A-,A-,3.85,8.0
17,210018B,A+,A,A+,B+,A,A,3.85,8.0
347,210386A,A,A,A+,B+,A,A+,3.85,8.0
122,210141U,A+,A,A+,B+,A,A+,3.85,8.0
24,210025T,A,A,A,B+,A+,A,3.85,8.0
121,210140P,A+,A,A+,B+,A,A,3.85,8.0
311,210349N,A,A,A+,B+,A,A,3.85,8.0
411,210454G,A,A,A,B+,A+,A+,3.85,8.0
637,210710N,A,A,A+,B+,A+,A,3.85,8.0
268,210303U,A+,A,A+,B+,A+,A+,3.85,8.0
363,210406M,A,A,B+,A-,A,A,3.835714285714286,9.0
242,210272V,A,A,B+,A-,A,A+,3.835714285714286,9.0
261,210294N,A,A-,A+,A-,A-,A,3.8285714285714287,10.0
378,210421E,A-,A-,A+,A-,A+,A,3.8285714285714287,10.0
173,210199D,A-,A-,A+,A-,A,A,3.8285714285714287,10.0
379,210421E,A-,A-,A+,A-,A+,A,3.8285714285714287,10.0
189,210215C,A,B+,A-,A,A,A,3.807142857142857,11.0
180,210206B,A,A,A+,B+,A-,A,3.807142857142857,11.0
585,210648F,A,A,A,B+,A,A-,3.807142857142857,11.0
253,210285M,A,B+,A+,A,A,A-,3.807142857142857,11.0
178,210204R,A+,B+,A+,A+,A,A-,3.807142857142857,11.0
527,210583B,A,A,A+,B+,A,A-,3.807142857142857,11.0
577,210640A,A,A,A,B+,A,A-,3.807142857142857,11.0
526,210583B,A,A,A+,B+,A,A-,3.807142857142857,11.0
307,210346D,A+,B+,A,A,A,A-,3.807142857142857,11.0
324,210362X,A,A,A+,B+,A,A-,3.807142857142857,11.0
599,210664B,A,A,A-,B+,A,A+,3.807142857142857,11.0
594,210657G,A-,A+,A+,B+,A,A,3.807142857142857,11.0
260,210293K,A,A,A+,A-,A-,B+,3.792857142857143,12.0
298,210335T,A+,A,A+,A-,A,B,3.792857142857143,12.0
3,210003B,A+,A,A,A-,A+,B,3.792857142857143,12.0
506,210559H,A-,A-,A+,A-,A-,A,3.7857142857142856,13.0
174,210200C,A,A+,A+,B,A+,A+,3.7857142857142856,13.0
391,210433R,A,A,A,B,A+,A,3.7857142857142856,13.0
186,210212N,A,A-,A+,B+,A,A,3.7857142857142856,13.0
207,210234H,A,A-,A+,B+,A,A,3.7857142857142856,13.0
219,210247B,A,B+,A+,A-,A,A,3.7857142857142856,13.0
232,210262P,A,A+,A,B,A+,A,3.7857142857142856,13.0
469,210517E,A,A-,A+,B+,A,A,3.7857142857142856,13.0
579,210642G,A+,B+,A+,A-,A,A+,3.7857142857142856,13.0
635,210707L,A,A,A,B,A,A,3.7857142857142856,13.0
467,210515V,A,A,A,B,A,A,3.7857142857142856,13.0
456,210503H,A+,A,A+,B,A,A,3.7857142857142856,13.0
451,210498T,A,A-,A+,B+,A+,A,3.7857142857142856,13.0
348,210387D,A+,A-,A,B+,A,A+,3.7857142857142856,13.0
351,210391J,A,A,A+,B,A+,A,3.7857142857142856,13.0
383,210425U,A,A,A+,B,A,A,3.7857142857142856,13.0
559,210621R,A+,A-,A+,B+,A+,A,3.7857142857142856,13.0
504,210557B,A-,A-,A-,A-,A,A+,3.7857142857142856,13.0
150,210173T,A+,A+,A,B,A,A,3.7857142857142856,13.0
271,210306G,A+,A,A+,B,A,A,3.7857142857142856,13.0
11,210011X,A,A,A+,B,A+,A+,3.7857142857142856,13.0
84,210097M,A,B+,A+,A-,A,A,3.7857142857142856,13.0
82,210095F,A+,A-,A,B+,A,A,3.7857142857142856,13.0
76,210088L,A+,A,A+,B,A+,A,3.7857142857142856,13.0
57,210063G,A,A,A+,B,A+,A+,3.7857142857142856,13.0
50,210055J,A,B+,A+,A-,A,A,3.7857142857142856,13.0
38,210041M,A+,A,A+,B,A+,A,3.7857142857142856,13.0
33,210035A,A,A,A,B,A,A+,3.7857142857142856,13.0
93,210106T,A,A,A+,B,A,A+,3.7857142857142856,13.0
15,210015M,A,A,A,B,A+,A,3.7857142857142856,13.0
513,210567F,A,A-,A+,A-,A,B+,3.771428571428572,14.0
184,210210G,A+,A-,A+,A-,A+,B+,3.771428571428572,14.0
104,210119K,A,A,A-,B+,A,A-,3.764285714285714,15.0
14,210014J,B+,A,A,A,A,B,3.757142857142857,16.0
427,210474R,A,A,B+,B+,A,A+,3.75,17.0
523,210580M,A+,A,A,A-,A,B-,3.75,17.0
126,210146N,A+,A,A+,B+,A,B+,3.75,17.0
250,210282C,A,B+,A+,A,B+,A,3.75,17.0
77,210089P,B+,A,A,B+,A+,A+,3.75,17.0
132,210152E,A,A-,A+,B+,A,A-,3.742857142857143,18.0
149,210172N,A+,A,A+,B,A,A-,3.742857142857143,18.0
538,210594J,A,B+,A+,A-,A-,A,3.742857142857143,18.0
130,210150V,A,B,A+,A,A,A-,3.742857142857143,18.0
48,210052X,A+,A,A,B,A,A-,3.742857142857143,18.0
422,210467A,A-,A,A,B,A,A,3.742857142857143,18.0
114,210134C,A,A,A,B,A+,A-,3.742857142857143,18.0
18,210019E,A,A,A+,B,A,A-,3.742857142857143,18.0
598,210663V,A,A-,A+,B+,A,A-,3.742857142857143,18.0
443,210490L,A+,A,A-,B,A,A,3.742857142857143,18.0
148,210172N,A+,A,A+,B,A,A-,3.742857142857143,18.0
633,210705E,A,A-,A-,A-,A-,A-,3.742857142857143,18.0
224,210253N,A,A,A+,B,A,A-,3.742857142857143,18.0
532,210587P,A+,A-,A+,B+,A,A-,3.742857142857143,18.0
237,210267K,A,A,A+,B,A+,A-,3.742857142857143,18.0
158,210183A,A,A-,A-,B+,A,A,3.742857142857143,18.0
303,210341H,A,B+,A,A-,A,A-,3.742857142857143,18.0
524,210581R,A+,A-,A,B+,A,A-,3.742857142857143,18.0
35,210037G,A,A,A+,B,A,A-,3.742857142857143,18.0
62,210069F,A,A,A,B-,A,A,3.7214285714285715,19.0
610,210676M,A,A,A+,B-,A+,A+,3.7214285714285715,19.0
346,210385U,A+,A-,A,B,A,A,3.7214285714285715,19.0
196,210222U,A,A,A,B-,A,A,3.7214285714285715,19.0
97,210112H,A+,A,A+,B-,A,A+,3.7214285714285715,19.0
387,210429K,A+,A-,A+,B,A,A,3.7214285714285715,19.0
500,210552F,A+,A-,A+,B,A,A,3.7214285714285715,19.0
498,210549D,A,A,A+,B-,A,A,3.7214285714285715,19.0
470,210518H,A+,A-,A,B,A,A+,3.7214285714285715,19.0
636,210708P,A,A,A+,B+,B+,A-,3.707142857142857,20.0
590,210652L,A-,A,A+,B+,A+,B+,3.707142857142857,20.0
624,210695U,A,A-,A+,B+,A-,A-,3.6999999999999997,21.0
67,210079K,A,B+,A,B+,A,A,3.6999999999999997,21.0
257,210290A,A,B+,A+,B+,A,A,3.6999999999999997,21.0
222,210249H,A+,A-,A,B+,A-,A-,3.6999999999999997,21.0
316,210355E,A,B+,A-,A-,A+,A-,3.6999999999999997,21.0
221,210249H,A+,A-,A,B+,A-,A-,3.6999999999999997,21.0
453,210500V,A,B+,A,B+,A,A,3.6999999999999997,21.0
171,210197U,B+,A-,A-,A-,A+,A-,3.685714285714286,22.0
145,210169L,A+,A-,A+,B+,A+,B+,3.685714285714286,22.0
302,210340E,B+,A,A,B,A+,A,3.685714285714286,22.0
74,210087H,A+,A-,A+,A-,A-,B,3.685714285714286,22.0
28,210029J,A,A,A,B,A,B+,3.685714285714286,22.0
75,210087H,A+,A-,A+,A-,A-,B,3.685714285714286,22.0
252,210284J,A+,A-,B+,B+,A,A,3.685714285714286,22.0
154,210179R,A,A,A,B,A,B+,3.685714285714286,22.0
334,210373G,A,A,A,B,A,B+,3.685714285714286,22.0
54,210059B,A,A-,A+,B,A-,A,3.6785714285714284,23.0
291,210329E,A,A,A-,B-,A,A,3.6785714285714284,23.0
638,210711T,A+,A-,A+,B,A+,A-,3.6785714285714284,23.0
22,210023K,A+,A-,A+,B,A+,A-,3.6785714285714284,23.0
591,210654U,A,A-,A+,B,A-,A,3.6785714285714284,23.0
647,210726T,A,A-,A+,B,A,A-,3.6785714285714284,23.0
263,210296X,A+,A-,A+,B,A,A-,3.6785714285714284,23.0
131,210151B,A,A-,A,B,A,A-,3.6785714285714284,23.0
155,210180L,A+,A,A+,B-,A,A-,3.6785714285714284,23.0
27,210028F,A-,A-,A,B,A,A,3.6785714285714284,23.0
417,210462E,A-,A,A,B-,A,A,3.6785714285714284,23.0
418,210462E,A-,A,A,B-,A,A,3.6785714285714284,23.0
312,210350J,A,A,A-,B-,A,A,3.6785714285714284,23.0
53,210059B,A,A-,A+,B,A-,A,3.6785714285714284,23.0
304,210342L,A,A,A-,B+,A,B,3.664285714285714,24.0
228,210257F,A,A-,A,B-,A+,A+,3.6571428571428575,25.0
364,210407R,A,A-,A,B-,A,A,3.6571428571428575,25.0
547,210605X,A,A-,A+,B-,A,A,3.6571428571428575,25.0
194,210219R,A,A-,A,B-,A,A,3.6571428571428575,25.0
314,210353V,A,B+,A,B+,A-,A,3.657142857142857,26.0
393,210435B,A,B+,A,B+,A-,A,3.657142857142857,26.0
248,210280T,A-,B,A-,A,A,A-,3.657142857142857,26.0
454,210501B,A,B+,A,B+,A-,A,3.657142857142857,26.0
13,210013F,A+,B+,A+,B+,A,A-,3.657142857142857,26.0
511,210565X,A+,B+,A,B+,A-,A,3.657142857142857,26.0
533,210588U,B+,A,A,B+,B+,A,3.65,27.0
95,210109F,A-,A-,B+,B+,A,A,3.642857142857143,28.0
576,210639E,A,A-,A,B+,A,B,3.642857142857143,28.0
183,210209L,A,A-,A+,B+,A,B,3.642857142857143,28.0
139,210160C,A,A-,A,B+,A,B,3.642857142857143,28.0
73,210086E,A,A,A,B,B+,A-,3.642857142857143,28.0
394,210436E,A+,A,A,B,A+,B,3.642857142857143,28.0
55,210060U,A+,A,A+,B,A-,B+,3.642857142857143,28.0
380,210422H,A,A,B,B,A,A,3.642857142857143,28.0
164,210189X,A,A,A+,B,A-,B+,3.642857142857143,28.0
593,210656D,A,A,A-,B,B+,A+,3.642857142857143,28.0
616,210686T,A+,A,A,C+,A,A,3.6357142857142857,29.0
436,210483T,A,A-,A-,B,A,A-,3.6357142857142857,29.0
584,210647C,A,A+,A+,C+,A,A,3.6357142857142857,29.0
483,210535G,A-,A-,A+,B,A,A-,3.6357142857142857,29.0
356,210396E,A,B,A,B+,A+,A,3.6357142857142857,29.0
421,210466U,A+,A,A,C+,A+,A+,3.6357142857142857,29.0
509,210562K,A,B+,A,B,A+,A,3.6357142857142857,29.0
415,210460V,A+,A-,A-,B,A,A-,3.6357142857142857,29.0
288,210326R,A,A-,B+,A-,A-,B+,3.628571428571429,30.0
424,210470C,B+,A,A,B-,A,A,3.6214285714285714,31.0
600,210665E,A,A+,A+,B-,A,B+,3.6214285714285714,31.0
365,210408V,A,A-,A,B,A,B+,3.6214285714285714,31.0
212,210238A,B+,A-,A+,B,A,A,3.6214285714285714,31.0
146,210170G,A+,A-,A,B,A,B+,3.6214285714285714,31.0
655,210734P,A,A,A+,B-,A,B+,3.6214285714285714,31.0
651,210730B,A,A-,A,B,A,B+,3.6214285714285714,31.0
553,210613U,A-,A-,A,B-,A,A,3.6142857142857143,32.0
85,210098R,A+,A-,A+,B-,A+,A-,3.6142857142857143,32.0
534,210590T,A,A-,A,B-,A,A-,3.6142857142857143,32.0
399,210442T,A,B+,A,B+,A-,A-,3.614285714285714,33.0
325,210363C,B+,A,B,B+,A,A,3.607142857142857,34.0
4,210004E,B+,A,A,B+,A,B,3.607142857142857,34.0
656,210735U,A,A,B+,B+,A,B,3.607142857142857,34.0
369,210412D,A,B+,A,B+,A,B+,3.6,35.0
169,210195L,B,A,A-,B,A+,A+,3.6,35.0
52,210057R,A,A,A,C+,A+,A-,3.5928571428571425,36.0
370,210413G,A,A,A+,C+,A,A-,3.5928571428571425,36.0
476,210527J,A-,B,A-,A-,A-,A,3.5928571428571425,36.0
213,210240X,A,B+,A,B,A-,A,3.5928571428571425,36.0
437,210484X,A,B,A,B+,A,A-,3.5928571428571425,36.0
376,210419F,A+,A,A,C+,A,A-,3.5928571428571425,36.0
618,210688C,A-,A-,A-,B,A,A-,3.5928571428571425,36.0
410,210453D,A,A,A,C+,A+,A-,3.5928571428571425,36.0
220,210248E,A,B+,A,B,A,A-,3.5928571428571425,36.0
187,210213T,B+,A-,A+,B+,A,B+,3.585714285714286,37.0
236,210266G,A,A-,A,B,A,B,3.5785714285714287,38.0
573,210636R,B+,A-,A+,B,A-,A+,3.5785714285714287,38.0
344,210383L,A-,A-,A,B,A,B+,3.5785714285714287,38.0
89,210102D,A,A-,B+,B,A,A-,3.5785714285714287,38.0
265,210299J,A,A-,A-,B-,A-,A,3.5714285714285716,39.0
234,210264A,A,B,A,B,A,A,3.5714285714285716,39.0
629,210701M,A,B-,A,A-,A-,A-,3.5714285714285716,39.0
235,210265D,A,B+,A,B-,A,A,3.5714285714285716,39.0
138,210159G,A,A-,A,C+,A,A,3.5714285714285716,39.0
58,210065N,A,B+,A+,B-,A,A,3.5714285714285716,39.0
244,210275H,A,B+,A+,B-,A,A,3.5714285714285716,39.0
597,210661M,A-,A-,A+,B-,A,A-,3.5714285714285716,39.0
245,210275H,A,B+,A+,B-,A,A,3.5714285714285716,39.0
272,210307K,A-,A-,A,B-,A,A-,3.5714285714285716,39.0
529,210585H,B+,A-,A,B-,A,A,3.5571428571428574,40.0
96,210110B,B+,A-,A,B-,A,A,3.5571428571428574,40.0
101,210116A,A,A-,A,B-,A,B+,3.5571428571428574,40.0
634,210706H,A,B+,A-,B+,B+,A,3.557142857142857,41.0
514,210568J,A,A,B,B,A-,A-,3.557142857142857,41.0
406,210449V,A,B+,A,B+,A,B,3.557142857142857,41.0
327,210365J,B+,B+,A-,B+,A,A,3.557142857142857,41.0
628,210699K,B-,A-,A+,B+,A,A-,3.557142857142857,41.0
152,210176F,A-,A,A+,C+,A,A-,3.55,42.0
568,210631X,A,B+,A-,B,A,A-,3.55,42.0
485,210537N,A-,A,A-,C+,A,A,3.55,42.0
536,210592C,A-,A,A,C+,A,A-,3.55,42.0
143,210167E,A,A,A,B,A,C+,3.542857142857143,43.0
331,210369B,A-,A-,A+,A-,B+,B-,3.542857142857143,43.0
274,210309T,A,B+,B+,A-,A-,B+,3.542857142857143,43.0
472,210520G,B+,A,A-,B,A+,B+,3.542857142857143,43.0
517,210571L,B+,A,A-,B-,A,A-,3.5357142857142856,44.0
86,210099V,B+,A,A,B-,A-,A-,3.5357142857142856,44.0
413,210457T,B+,A,A,C+,A,A,3.5357142857142856,44.0
177,210203M,A,B,A,A-,A,B-,3.5357142857142856,44.0
98,210113L,A-,A-,A,C+,A,A+,3.5285714285714285,45.0
626,210697D,A+,A-,A,C+,A,A-,3.5285714285714285,45.0
396,210439P,A,B-,A,B+,A-,A,3.5285714285714285,45.0
61,210067X,A-,B,A+,B,A,A,3.5285714285714285,45.0
140,210163M,A,B,A,B,A,A-,3.5285714285714285,45.0
60,210067X,A-,B,A+,B,A,A,3.5285714285714285,45.0
609,210675J,A,A-,A+,B-,A-,B+,3.5142857142857147,46.0
654,210733L,A+,B,A+,B-,A,A,3.507142857142857,47.0
301,210339J,A,B,A,B-,A,A,3.507142857142857,47.0
662,210742M,A,B-,A,B,A,A,3.507142857142857,47.0
343,210382H,A-,B,A,B+,A-,A-,3.5071428571428567,48.0
297,210334N,A-,B+,A-,B,A-,A,3.5071428571428567,48.0
278,210314E,B+,A,A-,B,A+,B,3.5,49.0
447,210495G,B+,B+,A,B+,A,B+,3.5,49.0
295,210333K,A,A-,A-,B+,B+,B,3.5,49.0
296,210333K,A,A-,A-,B+,B+,B,3.5,49.0
448,210495G,B+,B+,A,B+,A,B+,3.5,49.0
535,210591X,A-,B,B,A-,A,A-,3.492857142857143,50.0
106,210125B,B+,A,A+,C+,A,A-,3.492857142857143,50.0
129,210149C,A-,A,A,C+,A,B+,3.492857142857143,50.0
218,210246V,A,B,A,B+,A-,B+,3.492857142857143,50.0
175,210201F,A,A,A+,C+,A-,B+,3.492857142857143,50.0
494,210545L,A-,B,A+,B,A-,A,3.4857142857142853,51.0
211,210237U,A,B+,A,C+,A,A,3.4857142857142853,51.0
554,210614A,A-,A-,A-,B-,A-,A-,3.4857142857142853,51.0
564,210626L,B+,A-,A,B,B+,A-,3.4785714285714286,52.0
645,210721A,A,A-,B,B,A,B+,3.4785714285714286,52.0
608,210673C,B+,A-,A,B,A+,B,3.4785714285714286,52.0
402,210445F,A,B+,A+,B-,A,B+,3.4714285714285715,53.0
78,210090K,B+,B+,A,B-,A,A,3.4714285714285715,53.0
44,210049U,A+,B+,A,B-,B+,A,3.4714285714285715,53.0
142,210166B,A,B-,A,B+,B+,A,3.4714285714285715,53.0
168,210194H,B,A-,A-,B-,A,A,3.4714285714285715,53.0
247,210277P,A,A-,A+,C+,A,B+,3.4714285714285715,53.0
45,210049U,A+,B+,A,B-,B+,A,3.4714285714285715,53.0
477,210528M,A-,B+,A-,B+,B,A,3.471428571428571,54.0
459,210506U,A-,A-,A,C,A,A,3.4642857142857144,55.0
625,210696A,A,B,A-,B-,A,A,3.4642857142857144,55.0
354,210394V,A-,B+,A-,B,A-,A-,3.464285714285714,56.0
202,210229X,B+,A-,A+,B-,A,B+,3.4571428571428577,57.0
545,210603N,A,B+,A-,B+,B+,B+,3.457142857142857,58.0
601,210666H,B-,A-,A,B,A-,A-,3.4499999999999997,59.0
567,210630T,A,B+,A+,B,A,B-,3.4499999999999997,59.0
335,210374K,A-,B+,B+,B,A,A-,3.4499999999999997,59.0
438,210485C,A-,A,A,C+,B+,A-,3.4499999999999997,59.0
439,210486F,A,A,B+,C+,A-,A-,3.4499999999999997,59.0
10,210010T,A-,A,B+,C+,A,A-,3.4499999999999997,59.0
660,210740F,A-,A-,A-,B,A-,B,3.4499999999999997,59.0
432,210480G,A-,B,B+,B+,A,A-,3.4499999999999997,59.0
105,210122M,A,B+,A,C+,A,A-,3.4428571428571426,60.0
118,210138R,A,B+,A,C+,A-,A,3.4428571428571426,60.0
119,210138R,A,B+,A,C+,A-,A,3.4428571428571426,60.0
83,210096J,A,A,B+,C+,A,B+,3.435714285714286,61.0
59,210066T,B+,A-,B+,B,A-,A-,3.435714285714286,61.0
480,210531P,B+,A-,B-,B,A,A,3.435714285714286,61.0
473,210521K,A-,A,B+,B-,A,B,3.435714285714286,61.0
147,210171K,A,B+,A,B,B+,B+,3.435714285714286,61.0
111,210130K,A-,B,A,B,A,B+,3.4285714285714284,62.0
337,210376T,B,B+,A,B-,A+,A,3.4285714285714284,62.0
409,210452A,A-,A-,A,B-,B,A-,3.4285714285714284,62.0
360,210402X,A+,B,A,B,B+,A-,3.4285714285714284,62.0
170,210196P,A+,B,B,B,A,A,3.4285714285714284,62.0
541,210597V,A,B-,A+,B+,B+,A-,3.4285714285714284,62.0
496,210547U,A-,A-,A,C+,A,B+,3.4285714285714284,62.0
156,210181P,B+,B+,A,B-,A,A-,3.4285714285714284,62.0
345,210384P,A,A-,A,C+,A,B,3.4285714285714284,62.0
275,210310M,A-,B+,B,B+,A-,A-,3.428571428571428,63.0
293,210331D,A,B,A-,B-,A,A-,3.4214285714285713,64.0
539,210595M,A,B,A,C+,A+,A,3.4214285714285713,64.0
440,210488M,A,B+,A+,C,A,A,3.4214285714285713,64.0
241,210271R,A,B,A,C+,A,A,3.4214285714285713,64.0
542,210598B,B+,A-,A-,B-,A,B+,3.4142857142857146,65.0
377,210420B,A-,A-,A,B-,B+,B+,3.4142857142857146,65.0
557,210617K,A,A-,B+,B-,A-,B+,3.4142857142857146,65.0
455,210502E,A-,B+,B-,A-,B,A,3.414285714285714,66.0
428,210475V,A,B,A+,B-,A+,B+,3.4071428571428575,67.0
195,210221P,A,B-,A,B-,A,A-,3.4,68.0
464,210512J,A,B+,A-,C+,A-,A,3.3999999999999995,69.0
226,210255X,A-,B+,A,C+,A,A-,3.3999999999999995,69.0
405,210448R,A-,B,B,A-,A-,B+,3.392857142857143,70.0
47,210051T,A-,B+,B+,B,A,B+,3.392857142857143,70.0
607,210671T,A-,B,B,A-,B+,A-,3.392857142857143,70.0
34,210036D,B-,A,B,B-,A,A,3.392857142857143,70.0
198,210225G,A,B-,A-,B+,A-,B+,3.3857142857142857,71.0
479,210530L,A,B+,A,C+,A,B+,3.3857142857142857,71.0
460,210507A,A,B,A+,B,A,B-,3.3857142857142857,71.0
161,210186K,B,A,A,C,A-,A,3.3857142857142857,71.0
36,210038K,A-,B+,A,B-,B,A,3.3857142857142857,71.0
69,210082M,A+,B+,A,C+,A,B+,3.3857142857142857,71.0
429,210476B,A-,B,A-,B,B+,A,3.3857142857142857,71.0
546,210604T,A+,B+,B-,B-,A,A,3.3857142857142857,71.0
299,210337C,B+,B,B,A-,A,B+,3.378571428571429,72.0
384,210426A,A,C+,A,B,A,A-,3.3785714285714286,73.0
426,210473M,A,B,A,C+,A-,A,3.3785714285714286,73.0
463,210511F,A-,B-,B+,A-,A-,B+,3.3714285714285714,74.0
6,210006L,B+,A,A,C,A,B+,3.3714285714285714,74.0
258,210291D,A,B+,B+,B-,A,B+,3.3714285714285714,74.0
300,210338F,B+,B-,A,B+,A,B+,3.3714285714285714,74.0
353,210393R,B-,A-,A-,B+,A,B-,3.371428571428571,75.0
481,210532U,A,B,A,B-,A-,B+,3.3642857142857143,76.0
412,210456N,A,B,B,B-,A,A,3.3642857142857143,76.0
329,210367R,B+,B,A-,B-,A,A,3.3642857142857143,76.0
486,210538T,B,A,B+,B,A,B-,3.357142857142857,77.0
487,210538T,B,A,B+,B,A,B-,3.357142857142857,77.0
286,210324J,B+,B+,A-,B,B,A+,3.35,78.0
51,210056M,B,B+,A+,B,A-,B+,3.35,78.0
641,210715J,A,B-,A,B-,A,B+,3.342857142857143,79.0
120,210139V,B,B+,A,C+,A,A,3.3428571428571425,80.0
560,210622V,A,B+,A,C+,A,B,3.3428571428571425,80.0
435,210482N,A,B+,A,C+,A-,B+,3.3428571428571425,80.0
465,210513M,A,B+,A+,C+,A,B,3.3428571428571425,80.0
434,210482N,A,B+,A,C+,A-,B+,3.3428571428571425,80.0
289,210327V,A,B,A-,B,B+,B+,3.3285714285714287,81.0
159,210184D,A,B,A+,B,B+,B,3.3285714285714287,81.0
80,210093X,C+,B+,A,B-,A,A,3.3285714285714287,81.0
575,210638B,B+,B,B+,B,A,A-,3.3285714285714287,81.0
42,210046H,B+,B,B+,B,A,A-,3.3285714285714287,81.0
99,210114P,A,B,A,C+,A,B+,3.3214285714285716,82.0
251,210283F,B,B,A,B-,A-,A,3.3214285714285716,82.0
371,210414K,A,B-,A+,C+,A,A-,3.314285714285714,83.0
462,210509G,A-,B+,A,B,B,B,3.307142857142857,84.0
586,210649J,B+,B-,B+,B,A,A,3.307142857142857,84.0
116,210136J,B,B+,A+,B,A-,B,3.307142857142857,84.0
20,210021D,A-,B-,A,B-,A,B+,3.3000000000000003,85.0
281,210318U,B,B+,A,C+,A-,A,3.3,86.0
246,210276L,A,B+,B,C+,A,A-,3.3,86.0
264,210297C,A-,A-,A-,C+,A-,B,3.3,86.0
9,210009A,A-,A-,B,C+,A-,A-,3.3,86.0
516,210569M,C+,A-,A-,B,A,B,3.292857142857143,87.0
515,210569M,C+,A-,A-,B,A,B,3.292857142857143,87.0
401,210444C,B+,C+,A+,A,B+,B,3.292857142857143,87.0
134,210154L,A-,B,A-,C+,A,A-,3.2928571428571423,88.0
495,210546P,B-,B,B+,B,A,A,3.2857142857142856,89.0
471,210519L,B+,B-,B+,B+,A-,A-,3.2857142857142856,89.0
508,210561G,B+,B-,A,B+,A,B-,3.2857142857142856,89.0
43,210048P,B-,A-,B+,C+,A,A,3.2857142857142856,89.0
70,210083R,A-,B+,A-,B-,B+,B+,3.2857142857142856,89.0
492,210543E,B,B,A-,B-,A,A-,3.2785714285714285,90.0
37,210039N,B,B,A-,B-,A-,A,3.2785714285714285,90.0
342,210381E,B+,B+,B+,B-,A,B+,3.271428571428572,91.0
544,210602K,B+,B+,A,B-,B+,B+,3.271428571428572,91.0
602,210667L,A,B-,A-,C+,A,A-,3.2714285714285714,92.0
160,210185G,A,B-,A-,B,B+,B+,3.2642857142857147,93.0
230,210260H,A,B-,B+,B,B,A,3.2642857142857147,93.0
141,210164R,A,B-,A,B,B+,B,3.2642857142857147,93.0
578,210641D,A-,A,A-,C+,B,B,3.264285714285714,94.0
642,210716M,A-,B-,A-,B-,A,B+,3.257142857142857,95.0
555,210615D,A-,B+,A,C+,A-,B,3.2571428571428567,96.0
648,210727X,A,B+,B-,B,B+,B+,3.25,97.0
25,210026X,B-,A-,B,B,A,B,3.25,97.0
91,210104K,C+,B+,B,B,A,A,3.25,97.0
279,210316L,B+,B+,B+,C+,A,A-,3.242857142857143,98.0
46,210050N,B-,B,A,B,A-,B+,3.242857142857143,98.0
362,210405J,A-,B+,A,C+,B+,B+,3.242857142857143,98.0
336,210375N,B-,A-,B-,B-,A,A-,3.242857142857143,98.0
620,210691E,A,B,A,C+,A,B-,3.2357142857142853,99.0
227,210256C,C+,A-,B-,B-,A,A,3.2285714285714286,100.0
285,210323F,B+,B+,B+,B-,A,B,3.2285714285714286,100.0
667,210821F,B+,B,A,B,B+,B,3.2285714285714286,100.0
317,210356H,B,B-,A,B+,B+,B+,3.2285714285714286,100.0
614,210684K,A,A-,B+,C,A-,B,3.2214285714285715,101.0
280,210317P,A,B-,B,B,A,B,3.2214285714285715,101.0
574,210637V,B+,B,A,C+,A,B+,3.2214285714285715,101.0
441,210489R,B+,B,A-,B-,A-,B+,3.2214285714285715,101.0
442,210489R,B+,B,A-,B-,A-,B+,3.2214285714285715,101.0
419,210464L,B+,A-,C+,B-,A,B+,3.214285714285715,102.0
294,210332G,A-,C+,A,B-,A,B+,3.214285714285715,102.0
386,210428G,A,C+,B+,B-,A,A-,3.2142857142857144,103.0
123,210142A,A-,B-,A+,C+,A,B+,3.2142857142857144,103.0
446,210494D,A-,B+,A-,C+,A-,B,3.214285714285714,104.0
40,210044B,B-,A-,B-,B,A,B,3.207142857142857,105.0
338,210377X,B,B+,B,B,A-,B+,3.207142857142857,105.0
352,210392M,B+,B+,B-,B-,A-,A-,3.1999999999999997,106.0
276,210311R,B,A-,A,C+,A-,B-,3.1999999999999997,106.0
185,210211K,B+,B+,B,B,B+,B+,3.192857142857143,107.0
107,210126E,A-,B,B,C+,A,A-,3.1928571428571426,108.0
188,210214X,B+,B+,A-,B-,B+,B,3.185714285714286,109.0
355,210395B,A-,B,B+,C+,A,B+,3.1785714285714284,110.0
548,210606C,A-,B,B,B-,A-,B+,3.1785714285714284,110.0
318,210357L,B-,A-,A,C,A,B,3.1785714285714284,110.0
630,210702R,B,B,B,B-,A,A-,3.1785714285714284,110.0
569,210632C,A,B,A-,C,A,B,3.1714285714285713,111.0
510,210564T,A-,B-,A-,B-,A+,B-,3.1714285714285713,111.0
238,210268N,A-,C+,A,B-,B+,A-,3.1714285714285713,111.0
166,210191V,C,B+,A-,B,A+,B,3.164285714285714,112.0
646,210723G,B-,B+,B,B,A-,B+,3.164285714285714,112.0
239,210269T,B+,B-,A,C+,A,B+,3.1571428571428575,113.0
256,210289E,B-,B+,A,C+,B+,A-,3.157142857142857,114.0
322,210360N,B,B+,B+,C+,A-,A-,3.157142857142857,114.0
284,210320T,A-,B+,B+,C+,B,A-,3.157142857142857,114.0
199,210226K,B+,B+,B,B,B,B+,3.15,115.0
157,210182U,A-,B,A,C+,A-,B-,3.1499999999999995,116.0
385,210427D,A,B-,B,B+,B-,B+,3.142857142857143,117.0
621,210692H,A-,B-,A-,B,B-,B+,3.135714285714286,118.0
269,210304A,B+,B+,A+,C,A,B-,3.1357142857142857,119.0
650,210729F,A,B,A+,C+,B-,B+,3.1357142857142857,119.0
8,210008U,B+,B,A,C+,A-,B,3.1357142857142857,119.0
68,210080F,A-,B,A,C+,B+,B,3.1357142857142857,119.0
389,210431J,B-,B,B,B-,A-,A,3.1357142857142857,119.0
390,210431J,B-,B,B,B-,A-,A,3.1357142857142857,119.0
144,210168H,A,B,B+,C+,A-,B,3.1357142857142857,119.0
561,210623B,B+,B,A+,C+,A-,B,3.1357142857142857,119.0
433,210481K,A-,A-,B+,B-,C+,B,3.128571428571429,120.0
350,210389K,B+,B-,A-,C+,A-,A-,3.1285714285714286,121.0
270,210305D,A-,B-,A+,C+,A,B-,3.1285714285714286,121.0
400,210443X,A,C+,B,B-,B+,A,3.1142857142857143,122.0
583,210646X,A,B-,A,C+,B+,B,3.1142857142857143,122.0
580,210643K,B,B-,B+,B-,A-,A-,3.1142857142857143,122.0
240,210270M,A-,B+,B,B-,A-,C+,3.1,123.0
254,210286R,B+,B+,B,C+,A-,B+,3.1,123.0
115,210135F,A-,B,B+,C+,A,B-,3.0928571428571425,124.0
416,210461B,B-,B,B+,C+,A,A-,3.0928571428571425,124.0
540,210596R,B+,B-,A,C-,A,A-,3.085714285714286,125.0
277,210312V,C+,A-,A-,B-,A-,C+,3.085714285714286,125.0
7,210007P,B+,C+,A,C+,A-,A-,3.0857142857142854,126.0
109,210128L,A,C+,B-,B-,A-,A-,3.0857142857142854,126.0
366,210409B,B,B,A-,B-,B+,B,3.0785714285714287,127.0
231,210261L,B,B,A,C+,B+,B+,3.0785714285714287,127.0
214,210241C,A-,B,B,B-,B+,B,3.0785714285714287,127.0
556,210616G,A-,B-,B+,C+,B+,A-,3.0714285714285716,128.0
266,210300H,A,B-,C+,C+,A,A-,3.0714285714285716,128.0
581,210643K,B-,B-,B+,B-,A-,A-,3.0714285714285716,128.0
108,210127H,A-,B-,B-,B-,A,B,3.0714285714285716,128.0
458,210505P,B,B+,B,B,B+,B-,3.064285714285714,129.0
452,210499X,A-,B-,A,C,A-,B,3.064285714285714,129.0
200,210227N,B,B,B,C+,A-,A-,3.05,130.0
262,210295T,A-,B,C+,C+,A-,A-,3.05,130.0
582,210645T,B,B,A,C+,A-,B-,3.05,130.0
658,210738G,B-,B+,A,B-,B+,C+,3.042857142857143,131.0
640,210713C,A,B+,B,B-,B,C+,3.042857142857143,131.0
310,210348K,B+,C+,A-,C+,A-,A-,3.0428571428571423,132.0
209,210235L,C+,C+,B,B,A,A,3.0357142857142856,133.0
208,210235L,C+,C+,B,B,A,A,3.0357142857142856,133.0
381,210423L,B+,B,B+,C+,A-,B,3.0357142857142856,133.0
490,210541V,C+,B,A,B-,A-,B-,3.0357142857142856,133.0
117,210137M,B,B-,A-,B-,A-,B-,3.0285714285714285,134.0
488,210539X,A,C+,B-,B-,B+,A-,3.0285714285714285,134.0
341,210380B,A-,B-,C+,C+,A,A-,3.0285714285714285,134.0
217,210244M,B-,B+,B,B,B,B,3.0214285714285714,135.0
319,210358P,A-,C+,B+,B-,B+,B+,3.0142857142857147,136.0
125,210145K,B,B+,A-,C+,A,C,3.014285714285714,137.0
12,210012C,B-,B+,A+,C,A,C+,2.992857142857143,138.0
19,210020A,B,B,B,C+,A,B,2.992857142857143,138.0
398,210441N,B+,C+,A-,C+,B+,A-,2.9857142857142853,139.0
587,210650E,A,B-,B-,C+,B+,B+,2.9714285714285715,140.0
373,210416T,B,B-,B+,C+,A-,B+,2.9714285714285715,140.0
79,210091N,C+,B,B+,C,A-,A,2.9714285714285715,140.0
92,210105N,B-,B-,B+,C+,A,B+,2.9714285714285715,140.0
404,210447M,B-,B-,B+,B-,B,A-,2.9714285714285715,140.0
71,210084V,B,C+,B+,B-,A-,B+,2.9714285714285715,140.0
397,210440K,B,B+,A-,C+,B-,B,2.971428571428571,141.0
320,210359U,B+,C+,B+,B-,B+,B+,2.9571428571428577,142.0
321,210359U,B+,C+,B+,B-,B+,B+,2.9571428571428577,142.0
503,210555R,B-,B,C+,B,A,B-,2.957142857142857,143.0
292,210330A,A-,C+,B-,B,B,B+,2.95,144.0
525,210582V,B,B,B,C+,B,A-,2.9499999999999997,145.0
520,210576G,B,C+,B-,A,B-,B-,2.9357142857142855,146.0
128,210148X,B,B,B-,C,A,B+,2.9285714285714284,147.0
113,210132T,C,B,A,C,A,B,2.9285714285714284,147.0
466,210514R,B,B,B+,B-,C+,B+,2.9214285714285717,148.0
103,210118G,C+,B,B+,B-,B+,B,2.9214285714285713,149.0
201,210228T,B,B,B+,B-,B-,B-,2.892857142857143,150.0
528,210584E,B-,B,A,B-,B-,C+,2.892857142857143,150.0
358,210399P,B-,B,A,C,B,B,2.8857142857142857,151.0
368,210411A,A,C,A-,C+,C+,A-,2.8785714285714286,152.0
664,210747H,C+,B,A-,C-,A-,B+,2.8642857142857143,153.0
497,210548A,C+,B,B,B+,B+,C,2.8642857142857143,153.0
572,210635M,B,B-,B+,C,A,B-,2.8642857142857143,153.0
449,210496K,B-,C-,A,B-,B,A-,2.857142857142857,154.0
663,210743R,B+,C,B+,B-,B+,B,2.85,155.0
39,210042R,C+,B-,B+,C,A,B+,2.85,155.0
273,210308N,C,B,A-,C+,B,B+,2.85,155.0
255,210288B,A-,C+,A,C,B-,B,2.835714285714286,156.0
1,200620E,B+,A-,B,C,C,B,2.835714285714286,156.0
163,210188T,C+,B,A,C,B+,B-,2.8285714285714287,157.0
521,210578N,A,C+,B-,B-,B+,C+,2.8285714285714287,157.0
64,210073L,A-,C+,B+,C+,B-,B,2.8,158.0
395,210438L,B,B,B+,C,B,B-,2.7857142857142856,159.0
475,210524X,C,C,A-,B-,A-,B,2.7785714285714285,160.0
349,210388G,A-,C,A-,C+,C+,B+,2.7785714285714285,160.0
31,210032L,B+,B,B+,C,C+,B,2.7714285714285714,161.0
32,210033P,B,C+,B+,B,B-,C+,2.75,162.0
323,210361T,C+,B+,C+,C,A-,B,2.75,162.0
570,210633F,C+,B,B-,C,A-,B,2.742857142857143,163.0
65,210074P,B-,C+,A,C,B+,B-,2.7357142857142853,164.0
204,210231V,A-,B-,B,C,B-,B-,2.7357142857142853,164.0
127,210147T,B,C+,C+,B-,A,C+,2.7285714285714286,165.0
388,210430F,C+,B-,B,C+,B+,B,2.7285714285714286,165.0
290,210328B,B+,C,C+,B-,A-,B-,2.7214285714285715,166.0
72,210085B,C+,B-,B,B-,C+,B+,2.714285714285715,167.0
565,210628U,B,C,A-,C,B+,B,2.7142857142857144,168.0
137,210158D,B-,B,B-,C,B-,B+,2.7,169.0
102,210117D,A,C+,A-,C,C-,B,2.6928571428571426,170.0
182,210208H,B+,C+,B,B-,C+,B-,2.685714285714286,171.0
622,210693L,B,C,B+,B,B-,C+,2.685714285714286,171.0
665,210748L,C+,C+,A-,C+,B+,C+,2.642857142857143,172.0
203,210230R,B,C-,A,C-,A-,B-,2.642857142857143,172.0
124,210143D,B+,C+,C+,C+,A-,C+,2.642857142857143,172.0
315,210354B,B+,C+,B+,C+,C,B,2.642857142857143,172.0
679,211065X,B+,C+,A-,C,B-,C+,2.6357142857142857,173.0
90,210103G,A-,B-,B+,B-,B+,I-we,2.628571428571429,174.0
596,210660J,C+,C,B+,C,B+,B+,2.6,175.0
505,210558E,B,C+,C+,C+,B+,B-,2.6,175.0
627,210698G,C+,B-,B+,C,B-,B-,2.5785714285714287,176.0
233,210263U,C+,C+,A-,C,B+,C+,2.5785714285714287,176.0
306,210345A,C+,C,A-,C,B+,B-,2.5714285714285716,177.0
675,211030L,B,C-,B-,C+,B+,B,2.5714285714285716,177.0
499,210551C,B-,B,C+,C+,C+,B-,2.564285714285714,178.0
682,211096R,C+,B-,B-,C+,B,C+,2.542857142857143,179.0
308,210347G,B+,C,B-,C+,C+,B,2.5357142857142856,180.0
309,210347G,B+,C,B-,C+,C+,B,2.5357142857142856,180.0
340,210379F,C+,B-,A-,C-,B-,C+,2.5142857142857147,181.0
382,210424P,C+,C+,B-,C+,B,B-,2.514285714285714,182.0
571,210634J,C+,C+,B-,C+,B-,B,2.514285714285714,182.0
632,210704B,B+,B,I-we,B-,A-,C,2.507142857142857,183.0
56,210061A,C+,C,B,C+,B-,B,2.492857142857143,184.0
482,210533A,C,B-,B,C,B,C+,2.4785714285714286,185.0
357,210397H,C,B-,B+,C,B-,C+,2.4785714285714286,185.0
611,210678V,C+,C,B-,C,B,B+,2.4714285714285715,186.0
367,210410U,B,B,I-we,B-,C+,B+,2.45,187.0
478,210529R,Fail and Below,B-,A-,I-we,A,C+,2.3642857142857143,188.0
49,210053C,B-,C,C+,C,B-,B-,2.3428571428571425,189.0
672,210847N,C+,C+,C,C,C+,B,2.292857142857143,190.0
282,210319A,B-,C,B,I-we,B+,A,2.2857142857142856,191.0
283,210319A,B-,C,B,I-we,B+,A,2.2857142857142856,191.0
430,210477E,C+,C-,B,C+,C,B-,2.2857142857142856,191.0
643,210718V,B-,C+,C+,C+,C,C,2.2714285714285714,192.0
0,200162B,D,C-,B,C,B,B+,2.2642857142857147,193.0
489,210540R,C,I-we,A-,C+,B+,B,2.207142857142857,194.0
16,210016R,C,C+,I-we,C,A,B,2.207142857142857,194.0
249,210281X,C+,I-we,A-,C,A-,B-,2.1999999999999997,195.0
100,210115U,C-,B-,B,C+,I-we,B,2.1714285714285713,196.0
537,210593F,C+,C+,I-we,B-,B-,B-,2.1714285714285713,196.0
639,210712X,C,C,B-,C-,B-,C,2.1357142857142857,197.0
493,210544H,B,C+,I-we,C,B-,B-,2.121428571428571,198.0
29,210030E,B-,C+,I-we,C,C+,B+,2.107142857142857,199.0
445,210492U,B+,B-,C+,I-we,B-,C+,2.092857142857143,200.0
339,210378C,C+,B+,I-we,C,C+,C,2.0785714285714287,201.0
81,210094C,B-,C+,C+,I-we,B+,B-,2.064285714285714,202.0
595,210658K,C+,C-,C+,C,C+,C,2.064285714285714,202.0
414,210458X,B+,C+,B+,I-we,C,C+,2.0500000000000003,203.0
88,210101A,C+,C-,B-,I-we,A-,B-,1.9928571428571427,204.0
162,210187N,B-,B-,C+,I-we,C+,C+,1.9500000000000004,205.0
676,211036K,C-,C-,B+,I-we,B+,B-,1.9357142857142857,206.0
681,211089A,C+,C-,I-we,C,B,B-,1.9357142857142857,206.0
673,211002E,C+,D,C+,C,C+,C,1.9142857142857141,207.0
512,210566C,C+,C-,B-,C,B-,I-we,1.8928571428571428,208.0
678,211047U,C,I-we,B-,C,B,C+,1.8571428571428572,209.0
680,211077K,C,C,C+,C,C+,I-we,1.8000000000000003,210.0
623,210694P,C,C,C,I-we,B+,C+,1.8000000000000003,210.0
450,210497N,B,C-,C+,I-we,B-,C,1.792857142857143,211.0
468,210516B,Fail and Below,C-,C,C,C-,C+,1.6500000000000001,212.0
661,210741J,C,D,I-we,C+,C+,C,1.6071428571428572,213.0
531,210586L,C-,F,C,C-,C,C,1.4642857142857142,214.0
530,210586L,C-,F,C,C-,C,C,1.4642857142857142,214.0
41,210045E,C-,D,I-we,C,C-,C+,1.457142857142857,215.0
657,210737D,C-,C+,C+,I-we,B-,I-we,1.4499999999999997,216.0
659,210739K,Fail and Below,C-,I-we,C,B-,C,1.3928571428571428,217.0
668,210831K,C-,I-we,I-we,C,F,C+,1.0,218.0
666,210749P,Fail and Below,D,I-we,B-,C-,I-we,0.8928571428571429,219.0
328,210366M,C-,I-we,C+,I-we,C-,I-we,0.8142857142857143,220.0
652,210731E,Fail and Below,C-,I-we,C,I-we,C,0.8142857142857143,220.0
677,211041V,C,I-we,I-we,I-we,C+,I-we,0.6142857142857142,221.0
669,210831K,Fail and Below,I-we,I-we,C,F,C+,0.6142857142857142,221.0
674,211014R,C,I-we,C,I-we,I-ca,I-we,0.5714285714285714,222.0
205,210232B,Fail and Below,I-we,C+,I-we,I-ca,I-we,0.4928571428571428,223.0
206,210232B,Fail and Below,I-we,C+,I-we,I-ca,I-we,0.4928571428571428,223.0
671,210839R,Fail and Below,I-we,I-we,I-we,I-we,I-we,0.0,224.0
670,210839R,Fail and Below,I-we,I-we,I-we,I-we,I-we,0.0,224.0
